model,fold,macro_f1,weighted_f1,balanced_acc,accuracy,f1_no_pain,f1_headache,f1_back_pain,f1_menstrual_pain,epochs_ran,test_subjects,seconds
majority,0,0.13583815028901733,0.20267914487567665,0.25,0.373015873015873,0.0,0.5433526011560693,0.0,0.0,,16,0.0
majority,1,0.1342673671920607,0.19716836044165337,0.25,0.3671189146049481,0.0,0.5370694687682428,0.0,0.0,,16,0.0
majority,2,0.12926292629262925,0.18027767168408235,0.25,0.3486646884272997,0.0,0.517051705170517,0.0,0.0,,17,0.0
majority,3,0.12984054669703873,0.18217627475030665,0.25,0.3507692307692308,0.0,0.5193621867881549,0.0,0.0,,17,0.0
majority,4,0.13246899661781286,0.19098290923427008,0.25,0.3604294478527607,0.0,0.5298759864712514,0.0,0.0,,17,0.0
lightgbm,0,0.17178811965821258,0.16840170237162888,0.17097604878011896,0.173015873015873,0.009237875288683603,0.2403846153846154,0.11671087533156499,0.32081911262798635,,16,3.5
lightgbm,1,0.11371813631338648,0.15613675634739108,0.1376358695652174,0.18595371109337588,0.0,0.2281722933643772,0.22670025188916876,0.0,,16,3.5
lightgbm,2,0.3103254479225244,0.357839407176294,0.34255408097915035,0.37833827893175076,0.0,0.6157158234660925,0.26789366053169733,0.3576923076923077,,17,3.5
lightgbm,3,0.22456144831123348,0.264913512332645,0.2604144856839372,0.3046153846153846,0.01935483870967742,0.5004359197907585,0.1769436997319035,0.20151133501259447,,17,3.5
lightgbm,4,0.3545894899922315,0.39411669827634926,0.36327488435172445,0.39570552147239263,0.1477832512315271,0.39490445859872614,0.5397923875432526,0.33587786259541985,,17,3.5
cnn1d,0,0.25640367764287453,0.23787627670337733,0.3493840479768884,0.2611111111111111,0.23529411764705882,0.2009685230024213,0.23834196891191708,0.351010101010101,12.0,16,4.6
cnn1d,1,0.23306474084824141,0.28776848841931424,0.24759709163318677,0.31045490822027133,0.07612456747404844,0.4598337950138504,0.28309305373525556,0.11320754716981132,12.0,16,4.9
cnn1d,2,0.2375807488093145,0.22570082823527918,0.3279870117472217,0.25370919881305637,0.27076923076923076,0.362339514978602,0.04417670682730924,0.27303754266211605,11.0,17,4.4
cnn1d,3,0.26820620046128607,0.2695692033006472,0.2850093917144615,0.2684615384615385,0.32064128256513025,0.25125628140703515,0.2777129521586931,0.22321428571428573,17.0,17,6.2
cnn1d,4,0.10978460887402312,0.09526381141635178,0.26221282500951426,0.1579754601226994,0.023529411764705882,0.031746031746031744,0.14466546112115733,0.23919753086419754,9.0,17,4.1
cnn_lstm,0,0.1788664744977719,0.17954091757787785,0.27167296183869427,0.2253968253968254,0.1329479768786127,0.3315954118873827,0.0,0.25092250922509224,10.0,16,9.1
cnn_lstm,1,0.17390937721991218,0.19502402543011105,0.22691266485770178,0.2202713487629689,0.050955414012738856,0.4025695931477516,0.03636363636363636,0.20574886535552195,15.0,16,11.4
cnn_lstm,2,0.22689009207781852,0.2291992074167003,0.2612382328079573,0.22626112759643918,0.23509933774834438,0.24096385542168675,0.2231638418079096,0.20833333333333334,17.0,17,13.1
cnn_lstm,3,0.2556456194313178,0.23753834909597837,0.32085509162846165,0.26153846153846155,0.28454172366621067,0.3204968944099379,0.10175438596491228,0.3157894736842105,17.0,17,13.1
cnn_lstm,4,0.16169095413077628,0.13990741791837913,0.2792517358899223,0.18634969325153375,0.18584070796460178,0.21068249258160238,0.0,0.2502406159769009,9.0,17,7.6
tcn,0,0.25755139410004446,0.24610317044955815,0.2978863726053579,0.25317460317460316,0.2459016393442623,0.22934648581997533,0.2381635581061693,0.31679389312977096,11.0,16,20.7
tcn,1,0.24168112717077686,0.2818578185505204,0.2768909642904721,0.29209896249002393,0.034722222222222224,0.40764331210191085,0.3076923076923077,0.21666666666666667,10.0,16,23.4
tcn,2,0.2646757656707154,0.28180540306974594,0.28654862485676424,0.27225519287833827,0.24362606232294617,0.41636582430806257,0.1966205837173579,0.20209059233449478,10.0,17,23.3
tcn,3,0.2765820365784199,0.2927718330217361,0.28690341452896045,0.28923076923076924,0.27597955706984667,0.3313032886723508,0.2929171668667467,0.20612813370473537,11.0,17,27.5
tcn,4,0.16080080623001886,0.15758229407068594,0.2467365671709474,0.17638036809815952,0.10526315789473684,0.20285261489698891,0.11089866156787763,0.22418879056047197,9.0,17,23.5
