model,fold,macro_f1,weighted_f1,balanced_acc,accuracy,f1_no_pain,f1_headache,f1_back_pain,f1_menstrual_pain,epochs_ran,seconds
eeg_tcn,0,0.20106164916667923,0.20401287055183617,0.25276354311802146,0.21386306001690616,0.12643678160919541,0.1908256880733945,0.24888888888888888,0.23809523809523808,10.0,17.9
watch_lightgbm,0,0.356046956046956,0.4047599432214817,0.3618608744487086,0.41166525781910396,0.18181818181818182,0.4201474201474201,0.6,0.2222222222222222,,3.6
fusion_cnn,0,0.22133719641232658,0.2547275305886633,0.24400840464515233,0.2781065088757396,0.014184397163120567,0.36476683937823834,0.3128491620111732,0.1935483870967742,9.0,7.1
eeg_tcn,1,0.21219340915519463,0.22004716034612962,0.27306282172008484,0.22998296422487224,0.11912225705329153,0.3125,0.17777777777777778,0.23937360178970918,9.0,18.8
watch_lightgbm,1,0.3382981821072429,0.3480874866553145,0.33743948960634784,0.35008517887563884,0.2013129102844639,0.40642939150401836,0.3615494978479197,0.38390092879256965,,3.5
fusion_cnn,1,0.31142524355775625,0.34113887535454235,0.31739149846113573,0.348381601362862,0.27139874739039666,0.4781144781144781,0.3105590062111801,0.18562874251497005,10.0,7.9
eeg_tcn,2,0.2358573500987405,0.26201111181482656,0.3085386424966221,0.28536184210526316,0.008333333333333333,0.281437125748503,0.3910891089108911,0.26256983240223464,11.0,22.0
watch_lightgbm,2,0.23310686581272763,0.2763437180821229,0.2438755362273088,0.29523026315789475,0.28199566160520606,0.39380127620783956,0.22935779816513763,0.02727272727272727,,3.5
fusion_cnn,2,0.17972465096943271,0.20607391749715687,0.20484694959226812,0.22615131578947367,0.13580246913580246,0.3771760154738878,0.05274725274725275,0.15317286652078774,9.0,7.7
eeg_tcn,3,0.12410903166181977,0.10525672158633016,0.24725498025676945,0.15524360033030554,0.07784431137724551,0.05273833671399594,0.13034623217922606,0.23550724637681159,9.0,31.2
watch_lightgbm,3,0.28988445259177154,0.31770871535728623,0.29562191176211994,0.3236994219653179,0.1919191919191919,0.4173387096774194,0.3076923076923077,0.24258760107816713,,3.4
fusion_cnn,3,0.27252252054917714,0.29728483925115984,0.30933488221468053,0.319570602807597,0.14285714285714285,0.4498539435248296,0.21493624772313297,0.2824427480916031,10.0,7.4
eeg_tcn,4,0.20712962277834174,0.2029984452754265,0.28506886591383146,0.21614583333333334,0.18324607329842932,0.22529644268774704,0.1721311475409836,0.2478448275862069,9.0,16.5
watch_lightgbm,4,0.2367480734179044,0.28023243390108993,0.24170430058115525,0.2942708333333333,0.11594202898550725,0.3449048152295633,0.3865979381443299,0.09954751131221719,,13.8
fusion_cnn,4,0.22087253192717377,0.24697101842039004,0.25834505160095594,0.28125,0.035398230088495575,0.4230769230769231,0.1928721174004193,0.23214285714285715,9.0,11.8
