task,model,fold,macro_f1,balanced_acc,accuracy
watch_pain,majority,0,0.12492073557387444,0.25,0.3330515638207946
watch_pain,tcn,0,0.23033304721906556,0.250634593017576,0.23922231614539308
watch_pain,lightgbm,0,0.34769959268762224,0.356938706773664,0.4158918005071851
watch_pain,majority,1,0.12539885130823228,0.25,0.33475298126064734
watch_pain,tcn,1,0.1566412843308853,0.18291949305910174,0.15928449744463374
watch_pain,lightgbm,1,0.28526328659624417,0.28073841264686,0.28960817717206133
watch_pain,majority,2,0.13916913946587536,0.25,0.38569078947368424
watch_pain,tcn,2,0.23906714926499978,0.24864743636492775,0.29276315789473684
watch_pain,lightgbm,2,0.2457306517549768,0.2526119690770159,0.30098684210526316
watch_pain,majority,3,0.13546056592414207,0.25,0.37159372419488024
watch_pain,tcn,3,0.3070233866656321,0.3415983273449116,0.34434351775392236
watch_pain,lightgbm,3,0.2796727296192473,0.2826103168881308,0.3261767134599505
watch_pain,majority,4,0.12814719173660427,0.25,0.3446180555555556
watch_pain,tcn,4,0.260125078210171,0.2742646926133714,0.265625
watch_pain,lightgbm,4,0.2341284621786323,0.23767781926139148,0.2864583333333333
watch_sex,majority,0,0.37033026529507307,0.5,0.588134135855546
watch_sex,tcn,0,0.47354908423115016,0.4965098462928372,0.5468615649183147
watch_sex,lightgbm,0,0.5818126090970595,0.5861352232355419,0.586414445399828
watch_sex,majority,1,0.35271317829457366,0.5,0.5449101796407185
watch_sex,tcn,1,0.5118706752565021,0.5339172106089399,0.5568862275449101
watch_sex,lightgbm,1,0.6637391882900865,0.6709390233826324,0.6911890504704876
watch_sex,majority,2,0.358695652173913,0.5,0.559322033898305
watch_sex,tcn,2,0.4823426369587306,0.4916472416472416,0.5141242937853108
watch_sex,lightgbm,2,0.5065710872162486,0.5111832611832612,0.5068603712671509
watch_sex,majority,3,0.37211796246648793,0.5,0.5926558497011102
watch_sex,tcn,3,0.542107222606832,0.5433439665536888,0.5721605465414176
watch_sex,lightgbm,3,0.5662936843943656,0.5665437200563077,0.5798462852263023
watch_sex,majority,4,0.361838588989845,0.5,0.567001675041876
watch_sex,tcn,4,0.563394001222986,0.5721081457905368,0.6013400335008375
watch_sex,lightgbm,4,0.5749291577306357,0.5747080789351131,0.5845896147403685
eeg_pain,majority,0,0.12492073557387444,0.25,0.3330515638207946
eeg_pain,tcn,0,0.30519781106161536,0.32377862225165255,0.3076923076923077
eeg_pain,lightgbm,0,0.11391759796690995,0.11552029291132958,0.13947590870667795
eeg_pain,majority,1,0.12539885130823228,0.25,0.33475298126064734
eeg_pain,tcn,1,0.2763734529620189,0.3382698095854283,0.28960817717206133
eeg_pain,lightgbm,1,0.3412522517355355,0.36086115892397785,0.34582623509369675
eeg_pain,majority,2,0.13916913946587536,0.25,0.38569078947368424
eeg_pain,tcn,2,0.21786752596598957,0.2708029094640722,0.24013157894736842
eeg_pain,lightgbm,2,0.20857714743790537,0.22033334479257555,0.28289473684210525
eeg_pain,majority,3,0.13546056592414207,0.25,0.37159372419488024
eeg_pain,tcn,3,0.24704286460534258,0.2854613771220798,0.2708505367464905
eeg_pain,lightgbm,3,0.22242076167004693,0.2524437645192362,0.33773740710156896
eeg_pain,majority,4,0.12814719173660427,0.25,0.3446180555555556
eeg_pain,tcn,4,0.3052647113423895,0.3471622978601602,0.3116319444444444
eeg_pain,lightgbm,4,0.24056540098058274,0.23911364464732066,0.2847222222222222
eeg_sex,majority,0,0.37033026529507307,0.5,0.588134135855546
eeg_sex,tcn,0,0.6261009679387087,0.62551276416511,0.6397248495270851
eeg_sex,lightgbm,0,0.706413409192924,0.7053803611324763,0.7171109200343938
eeg_sex,majority,1,0.35271317829457366,0.5,0.5449101796407185
eeg_sex,tcn,1,0.45897736143637785,0.5369123357845162,0.5739948674080411
eeg_sex,lightgbm,1,0.8350437548252208,0.8345864661654134,0.8366124893071001
eeg_sex,majority,2,0.358695652173913,0.5,0.559322033898305
eeg_sex,tcn,2,0.7273634777941769,0.7252747252747254,0.735270379338176
eeg_sex,lightgbm,2,0.8073247417142146,0.8004773004773005,0.8224374495560937
eeg_sex,majority,3,0.37211796246648793,0.5,0.5926558497011102
eeg_sex,tcn,3,0.6143700488663612,0.613902331454395,0.6293766011955594
eeg_sex,lightgbm,3,0.5067842769722697,0.5458784187918003,0.5106746370623398
eeg_sex,majority,4,0.361838588989845,0.5,0.567001675041876
eeg_sex,tcn,4,0.5667887162624005,0.5688010879720236,0.5887772194304858
eeg_sex,lightgbm,4,0.7021083016376104,0.7032833441425792,0.7060301507537688
