model,fold,macro_f1,weighted_f1,balanced_acc,accuracy
lightgbm,0,0.2452158688724134,0.27269145421868307,0.2882671040353042,0.289057123193393
cnn1d,0,0.24006116037473385,0.26233356498309646,0.2814584560077089,0.2746042670337233
tcn,0,0.2444096948630765,0.2821434958404712,0.2787228904275546,0.28836889194769444
majority,0,0.0675595238095238,0.0422188903090486,0.25,0.15622849277357193
lightgbm,1,0.23238301743122303,0.22538174045771495,0.29340947246577864,0.27421758569299554
cnn1d,1,0.22922241552620654,0.2583788688775051,0.27375274336467126,0.28539493293591656
tcn,1,0.2304708748226055,0.27093264802440803,0.2694925330408337,0.28837555886736216
majority,1,0.09553948161543098,0.09027128367240424,0.25,0.23621460506706407
lightgbm,2,0.23934056966300993,0.3455298982305606,0.26350516240091926,0.3290414878397711
cnn1d,2,0.2595707619798626,0.36740214687537004,0.2938426143105494,0.3676680972818312
tcn,2,0.24997914253143558,0.3730297339352419,0.2620055800670378,0.3562231759656652
majority,2,0.15885797950219618,0.2958985540942195,0.25,0.4656652360515021
lightgbm,3,0.23345468581384443,0.3102498911851453,0.2575545537110025,0.2907849829351536
cnn1d,3,0.20856869886220533,0.3199202556149155,0.2015598503990954,0.29215017064846416
tcn,3,0.19835390532960906,0.2801326497186169,0.2012926137057559,0.2593856655290102
majority,3,0.15431807456347332,0.2755604662512261,0.25,0.44641638225255975
lightgbm,4,0.20576705119613947,0.24493879311172914,0.21530124240965876,0.2332129963898917
cnn1d,4,0.2619908810223198,0.30126949887980475,0.24900993412089542,0.27509025270758125
tcn,4,0.21833297980073474,0.2699026697811674,0.20925481795034706,0.24981949458483754
majority,4,0.07384615384615385,0.05118578172729798,0.25,0.17328519855595667
